chrX:140000200	chrX	140000200	G	A	0.45749	39.18623	96.7166	8.03332	7.36785	0.0081	0.00405	0.99775	0.0	0.0	0.7021	0.49717	0.56776	0.45	NA	NA	NA	NA
chrX:140000206	chrX	140000206	G	A	0.00405	37.95951	93.59514	6.97661	10.6224	0.0081	0.0081	0.23423	0.0	0.0	1.0	0.55294	1.0	0.45	NA	NA	NA	NA
chrX:140000251	chrX	140000251	C	T	0.00202	39.81377	96.40891	8.26872	7.63222	0.00405	0.00405	NA	0.0	0.0	1.0	0.57143	0.00041	0.45	NA	NA	NA	NA
chrX:140000574	chrX	140000574	G	A	0.03846	34.90688	90.32794	6.29261	12.89048	0.0081	0.01215	NA	0.0	0.0	1.0	0.52624	1.0	0.45	NA	NA	NA	NA
chrX:140000707	chrX	140000707	T	G	0.02024	31.20648	19.45344	7.33143	18.34839	0.04049	0.92713	NA	0.02985	0.0	1.0	0.66803	0.98071	0.45	NA	NA	NA	NA
chrX:140000765	chrX	140000765	C	T	0.21457	32.65992	88.60729	7.28721	16.03793	0.03239	0.03239	NA	0.0	0.0	1.0	0.50982	0.94712	0.45	NA	NA	NA	NA
chrX:140001124	chrX	140001124	G	A	0.00202	35.53846	92.29555	5.04749	12.20246	0.00405	0.00405	NA	0.0	0.0	1.0	0.36585	1.0	0.42100000000000004	NA	NA	NA	NA
chrX:140001148	chrX	140001148	G	C	0.21862	36.5668	95.61538	6.63957	8.53507	0.00405	0.0	0.33333	0.0	0.0	0.85383	0.50631	0.92962	0.42100000000000004	NA	NA	NA	NA
chrX:140001322	chrX	140001322	A	G	0.02024	35.50202	93.65992	5.12199	9.59154	0.0081	0.00405	NA	0.0	0.0	1.0	0.49373	1.0	0.42100000000000004	NA	NA	NA	NA
chrX:140001819	chrX	140001819	G	A	1.0	36.31984	94.5587	4.18463	10.88613	0.00405	0.0081	NA	0.0	0.0	1.0	NA	1.0	0.42100000000000004	NA	NA	NA	NA
chrX:140001824	chrX	140001824	T	C	0.00405	36.25506	94.47368	4.25648	10.58408	0.00405	0.0081	NA	0.0	0.0	1.0	0.51429	1.0	0.42100000000000004	NA	NA	NA	NA
chrX:140002213	chrX	140002213	T	C	1.0	36.53036	95.51417	4.03416	7.91307	0.00405	0.00405	NA	0.0	0.0	1.0	NA	1.0	0.391	NA	NA	NA	NA
chrX:140002301	chrX	140002301	A	G	0.01619	36.5749	94.56275	4.39529	10.08436	0.0	0.00405	NA	0.0	0.0	1.0	0.50888	1.0	0.391	NA	NA	NA	NA
chrX:140002404	chrX	140002404	C	T	0.38259	39.92713	97.40891	7.65907	5.09012	0.0	0.0	1.0	0.0	0.0	0.50026	0.49381	0.67935	0.391	NA	NA	NA	NA
chrX:140002446	chrX	140002446	A	G	0.40688	39.7166	97.33603	7.68648	5.63998	0.0	0.0	1.0	0.0	0.0	0.18782	0.49186	0.6336	0.391	NA	NA	NA	NA
chrX:140002855	chrX	140002855	T	C	0.15182	37.29555	95.01619	6.53739	8.45984	0.00405	0.0	NA	0.0	0.0	1.0	0.49705	0.97138	0.391	NA	NA	NA	NA
chrX:140002941	chrX	140002941	G	A	0.15789	36.5749	94.33198	6.0339	10.18503	0.0	0.00405	1.0	0.0	0.0	0.4701	0.48607	0.97695	0.391	NA	NA	NA	NA
chrX:140002972	chrX	140002972	G	C,T	0.01822	36.46559	92.67206	5.54928	9.93279	0.0	0.0	NA	0.0	0.0	1.0	0.67769	1.0	0.391	NA	NA	NA	NA
chrX:140002995	chrX	140002995	A	G	0.16802	35.8502	92.51822	7.29	12.65548	0.0081	0.01619	NA	0.0	0.0	0.49574	0.49841	0.97413	0.391	NA	NA	NA	NA
chrX:140002997	chrX	140002997	G	A	0.00202	36.59514	91.20648	6.77919	11.8061	0.0	0.01619	NA	0.0	0.0	1.0	0.5122	1.0	0.391	NA	NA	NA	NA
chrX:140003071	chrX	140003071	A	G	0.2166	33.93522	93.72065	7.49552	10.0393	0.02024	0.0	NA	0.0	0.0	0.2586	0.51779	0.0535	0.382	NA	NA	NA	NA
chrX:140003163	chrX	140003163	T	C	1.0	35.52227	92.65182	4.8822	10.14089	0.0	0.0	NA	0.0	0.0	1.0	NA	1.0	0.382	NA	NA	NA	NA
chrX:140003249	chrX	140003249	T	C	0.00405	37.38057	97.60729	3.35212	4.87607	0.0	0.00405	NA	0.0	0.0	1.0	0.57143	1.0	0.382	NA	NA	NA	NA
chrX:140003594	chrX	140003594	C	T	0.35628	41.52227	97.93522	8.18377	4.30304	0.0	0.0	1.0	0.0	0.0	0.33167	0.50575	0.71477	0.382	NA	NA	NA	NA
chrX:140003613	chrX	140003613	C	T	0.01215	38.57085	96.65587	4.51938	6.64542	0.0	0.0	NA	0.0	0.0	1.0	0.46823	1.0	0.382	NA	NA	NA	NA
chrX:140003980	chrX	140003980	C	T	0.03036	37.15385	95.47368	4.60388	7.72326	0.0	0.0	NA	0.0	0.0	1.0	0.4792	1.0	0.382	NA	NA	NA	NA
chrX:140004040	chrX	140004040	G	C	0.01012	36.40891	95.06478	4.43916	7.88973	0.0	0.0	NA	0.0	0.0	1.0	0.50568	1.0	0.39899999999999997	NA	NA	NA	NA
chrX:140004511	chrX	140004511	A	G	0.0587	40.95951	97.16599	8.12494	5.99397	0.0	0.0	NA	0.0	0.0	0.1949	0.50798	0.00817	0.39899999999999997	NA	NA	NA	NA
chrX:140004671	chrX	140004671	C	T	1.0	36.61134	94.39271	7.76554	9.65395	0.0081	0.0081	NA	0.0	0.0	1.0	NA	0.00077	0.39899999999999997	NA	NA	NA	NA
chrX:140004750	chrX	140004750	C	T	1.0	31.39271	87.57085	6.6775	13.10565	0.02834	0.0081	NA	0.0	0.0	1.0	NA	0.00284	0.39899999999999997	NA	NA	NA	NA
chrX:140004760	chrX	140004760	G	A	0.36437	30.74089	89.76113	6.11656	13.39684	0.01619	0.0081	NA	0.0	0.0	0.40967	0.49366	0.74144	0.39899999999999997	NA	NA	NA	NA
chrX:140004935	chrX	140004935	G	A	0.36235	39.12551	96.48988	7.40389	8.03593	0.0	0.00405	NA	0.0	0.0	0.492	0.47947	0.72705	0.39899999999999997	NA	NA	NA	NA
chrX:140005037	chrX	140005037	T	G	0.00202	33.7085	85.37247	6.57076	13.92455	0.0081	0.00405	NA	0.0	0.0	1.0	0.5	1.0	0.42100000000000004	NA	NA	NA	NA
chrX:140005042	chrX	140005042	T	C	1.0	33.7166	91.68016	7.23535	10.99441	0.01619	0.0	NA	0.0	0.0	1.0	NA	0.00024	0.42100000000000004	NA	NA	NA	NA
chrX:140005048	chrX	140005048	A	G	0.04453	33.55061	88.40486	6.08046	13.61902	0.0081	0.0081	NA	0.0	0.0	0.07341	0.51071	0.99094	0.42100000000000004	NA	NA	NA	NA
chrX:140005077	chrX	140005077	G	A	0.36235	34.34818	93.39676	6.53883	11.48578	0.00405	0.0081	NA	0.0	0.0	0.492	0.49302	0.73413	0.42100000000000004	NA	NA	NA	NA
chrX:140005188	chrX	140005188	G	A	0.02632	36.46964	95.52632	4.34373	7.60551	0.0	0.0	NA	0.0	0.0	1.0	0.47896	1.0	0.42100000000000004	NA	NA	NA	NA
chrX:140005763	chrX	140005763	A	T	0.31377	41.95547	97.96356	8.21225	4.95946	0.0	0.00405	NA	0.0	0.0	0.45984	0.4943	0.16771	0.42100000000000004	NA	NA	NA	NA
chrX:140005847	chrX	140005847	A	G	0.02632	39.39676	97.1336	5.90684	5.1247	0.0	0.0	NA	0.0	0.0	1.0	0.48901	1.0	0.42100000000000004	NA	NA	NA	NA
chrX:140005895	chrX	140005895	T	C	0.34211	41.65587	97.87045	8.09641	4.25978	0.0	0.0	NA	0.0	0.0	0.77773	0.50588	0.74752	0.42100000000000004	NA	NA	NA	NA
chrX:140005973	chrX	140005973	C	T	1.0	36.49393	93.90283	5.35782	11.03646	0.0081	0.00405	NA	0.0	0.0	1.0	NA	1.0	0.42100000000000004	NA	NA	NA	NA
chrX:140006181	chrX	140006181	T	G	0.00405	37.44534	96.40081	4.36682	7.21655	0.0	0.0	NA	0.0	0.0	1.0	0.6	1.0	0.419	NA	NA	NA	NA
chrX:140006186	chrX	140006186	C	T	0.01012	37.54656	96.66802	4.68921	6.93547	0.0	0.0	NA	0.0	0.0	1.0	0.46753	1.0	0.419	NA	NA	NA	NA
chrX:140006264	chrX	140006264	T	A	0.00202	36.41296	94.88259	4.66429	8.4756	0.0	0.0	NA	0.0	0.0	1.0	0.46512	1.0	0.419	NA	NA	NA	NA
chrX:140006603	chrX	140006603	A	C	0.0081	34.90283	91.91903	5.45181	11.87064	0.01215	0.0081	NA	0.0	0.0	1.0	0.49315	1.0	0.419	NA	NA	NA	NA
chrX:140007066	chrX	140007066	T	C	1.0	36.20243	93.79757	4.31102	10.01866	0.0	0.0081	NA	0.0	0.0	1.0	NA	1.0	0.361	NA	NA	NA	NA
chrX:140007075	chrX	140007075	C	T	1.0	36.10526	94.90688	4.14536	8.4783	0.0	0.00405	NA	0.0	0.0	1.0	NA	1.0	0.361	NA	NA	NA	NA
chrX:140007343	chrX	140007343	A	G	0.03036	36.90283	96.583	4.25778	6.79312	0.0	0.0	NA	0.0	0.0	1.0	0.51974	1.0	0.361	NA	NA	NA	NA
chrX:140007850	chrX	140007850	A	C	0.31984	43.1498	98.16599	8.47748	3.31184	0.0	0.0	NA	0.0	0.0	0.46423	0.49431	0.17109	0.361	NA	NA	NA	NA
chrX:140008025	chrX	140008025	T	C	1.0	38.66802	50.2915	7.24114	35.41261	0.0	0.46559	NA	0.0	0.0	1.0	NA	0.99927	0.408	NA	NA	NA	NA
chrX:140008308	chrX	140008308	A	T	1.0	37.33603	94.12551	4.86614	11.1729	0.00405	0.01215	NA	0.0	0.0	1.0	NA	1.0	0.408	NA	NA	NA	NA
chrX:140008309	chrX	140008309	C	T	1.0	37.36032	93.57895	4.85603	11.76363	0.00405	0.01215	NA	0.0	0.0	1.0	NA	1.0	0.408	NA	NA	NA	NA
chrX:140008385	chrX	140008385	G	T	0.35223	41.55466	97.90283	8.77613	4.31092	0.00405	0.0	NA	0.0	0.0	0.33303	0.48557	0.21898	0.408	NA	NA	NA	NA
chrX:140008515	chrX	140008515	C	T	0.35223	41.59919	98.09312	8.34698	4.35557	0.00405	0.0	NA	0.0	0.0	0.33303	0.49474	0.22035	0.408	NA	NA	NA	NA
chrX:140008747	chrX	140008747	T	C	0.36032	36.53846	95.87045	7.45975	7.86519	0.0081	0.0	NA	0.0	0.0	1.0	0.49789	0.75068	0.408	NA	NA	NA	NA
chrX:140008790	chrX	140008790	C	T	0.08907	36.18219	92.98381	5.85905	10.92173	0.00405	0.00405	NA	0.0	0.0	1.0	0.4888	0.98929	0.408	NA	NA	NA	NA
chrX:140008845	chrX	140008845	G	A	0.00405	35.15385	91.95547	5.32602	10.8389	0.00405	0.0	NA	0.0	0.0	1.0	0.49351	1.0	0.408	NA	NA	NA	NA
chrX:140009093	chrX	140009093	C	T	1.0	35.32794	92.82996	5.18849	11.53835	0.01215	0.0081	NA	0.0	0.0	1.0	NA	1.0	0.373	NA	NA	NA	NA
chrX:140009122	chrX	140009122	T	C	0.03441	36.40081	92.60324	5.45466	10.65595	0.00405	0.0	NA	0.0	0.0	0.24789	0.50157	0.99497	0.373	NA	NA	NA	NA
chrX:140009269	chrX	140009269	G	C	1.0	40.44534	96.63158	8.70544	6.42324	0.00405	0.00405	NA	0.0	0.0	1.0	NA	0.0006	0.373	NA	NA	NA	NA
chrX:140009302	chrX	140009302	A	G	0.03846	39.5668	96.17409	9.1079	7.47612	0.0081	0.00405	NA	0.0	0.0	1.0	0.5289	0.00033	0.373	NA	NA	NA	NA
chrX:140009315	chrX	140009315	C	A	0.07692	37.1417	92.74899	6.96275	11.49698	0.00405	0.00405	NA	0.0	0.0	0.37439	0.50262	1.0	0.373	NA	NA	NA	NA
chrX:140009377	chrX	140009377	T	C	0.11741	37.25506	95.11336	6.24725	8.6393	0.00405	0.0	1.0	0.0	0.0	0.34961	0.47974	0.97352	0.373	NA	NA	NA	NA
chrX:140009388	chrX	140009388	A	G	0.11741	37.53846	95.54251	6.2474	8.43466	0.0	0.00405	NA	0.0	0.0	0.34961	0.48565	0.97361	0.373	NA	NA	NA	NA
chrX:140009548	chrX	140009548	A	C	1.0	43.68421	97.27126	9.8446	6.04617	0.00405	0.00405	NA	0.0	0.0	1.0	NA	0.00065	0.373	NA	NA	NA	NA
chrX:140009754	chrX	140009754	A	G	0.02429	37.62348	96.15789	5.11493	7.82087	0.00405	0.00405	NA	0.0	0.0	1.0	0.49714	1.0	0.373	NA	NA	NA	NA
chrX:140009771	chrX	140009771	A	C	0.00405	37.83401	96.98785	4.564	6.42498	0.00405	0.00405	NA	0.0	0.0	1.0	0.58242	1.0	0.373	NA	NA	NA	NA
chrX:140009946	chrX	140009946	G	A	1.0	39.95142	96.61943	8.00747	7.29022	0.0081	0.0081	NA	0.0	0.0	1.0	NA	0.00051	0.373	NA	NA	NA	NA
chrX:140010011	chrX	140010011	T	C	1.0	37.42915	95.8583	5.13022	9.27538	0.00405	0.0081	NA	0.0	0.0	1.0	NA	1.0	0.36	NA	NA	NA	NA
chrX:140010137	chrX	140010137	C	T	0.05263	38.62348	96.74899	5.40174	6.18365	0.0	0.0	NA	0.0	0.0	0.50045	0.49462	0.99366	0.36	NA	NA	NA	NA
chrX:140010139	chrX	140010139	C	A	0.18421	39.60729	97.09312	6.91143	6.12567	0.0	0.0	1.0	0.0	0.0	0.83185	0.50759	0.94385	0.36	NA	NA	NA	NA
chrX:140010369	chrX	140010369	A	T	0.00405	36.61538	93.78543	4.96593	10.16203	0.00405	0.0081	NA	0.0	0.0	1.0	0.4	1.0	0.36	NA	NA	NA	NA
chrX:140010494	chrX	140010494	C	T	0.2834	36.92308	95.73684	6.70018	8.34176	0.0	0.00405	NA	0.0	0.0	0.63992	0.50833	0.86797	0.36	NA	NA	NA	NA
chrX:140010498	chrX	140010498	G	T	0.00202	36.30364	93.22267	5.64183	10.20217	0.00405	0.0	NA	0.0	0.0	1.0	0.82353	1.0	0.36	NA	NA	NA	NA
chrX:140010661	chrX	140010661	G	C	0.0081	37.84211	93.08097	5.30487	10.26051	0.00405	0.00405	NA	0.0	0.0	1.0	0.43125	1.0	0.36	NA	NA	NA	NA
chrX:140010873	chrX	140010873	T	C	0.00405	36.84615	96.89879	3.77957	6.71016	0.00405	0.00405	NA	0.0	0.0	1.0	0.48235	1.0	0.36	NA	NA	NA	NA
chrX:140010906	chrX	140010906	G	A	0.00405	36.77733	96.16599	4.06989	7.73762	0.00405	0.00405	NA	0.0	0.0	1.0	0.58442	1.0	0.36	NA	NA	NA	NA
chrX:140011100	chrX	140011100	C	G	0.00202	36.16194	93.97166	4.69281	9.81553	0.0081	0.00405	NA	0.0	0.0	1.0	0.47727	1.0	0.413	NA	NA	NA	NA
chrX:140011171	chrX	140011171	C	T	0.01619	36.25911	95.5668	4.4873	8.4528	0.00405	0.00405	NA	0.0	0.0	1.0	0.49387	1.0	0.413	NA	NA	NA	NA
chrX:140011285	chrX	140011285	T	G	0.01012	35.96761	94.10526	4.54505	9.10447	0.0	0.0	NA	0.0	0.0	1.0	0.51142	1.0	0.413	NA	NA	NA	NA
chrX:140011534	chrX	140011534	G	A	0.03846	36.19433	94.08097	5.36879	8.65987	0.00405	0.0	NA	0.0	0.0	1.0	0.50978	1.0	0.413	NA	NA	NA	NA
chrX:140011622	chrX	140011622	T	C	1.0	33.09312	86.93522	5.66004	13.31345	0.00405	0.0	NA	0.0	0.0	1.0	NA	1.0	0.413	NA	NA	NA	NA
chrX:140011652	chrX	140011652	G	A	0.03846	33.01215	87.21457	5.94109	14.2811	0.01619	0.01215	NA	0.0	0.0	1.0	0.4972	1.0	0.413	NA	NA	NA	NA
chrX:140011775	chrX	140011775	A	T	0.03846	38.26316	92.33603	6.20447	12.30261	0.0081	0.02429	NA	0.0	0.0	1.0	0.51548	1.0	0.413	NA	NA	NA	NA
chrX:140012013	chrX	140012013	G	C	0.3502	34.55061	91.76923	7.84689	13.35382	0.0081	0.0081	NA	0.0	0.0	0.7807	0.44896	0.73364	0.31	NA	NA	NA	NA
chrX:140012169	chrX	140012169	T	A	0.00405	32.71255	86.06478	6.3196	16.74522	0.02834	0.02834	NA	0.0	0.0	1.0	0.4898	1.0	0.31	NA	NA	NA	NA
chrX:140012235	chrX	140012235	T	C,*	0.44606	23.44939	64.70954	9.16318	43.12171	0.34008	0.3527	NA	0.07463	0.02429	0.0	0.30747	0.52659	0.31	NA	NA	NA	NA
chrX:140012237	chrX	140012237	T	C,*	0.44191	23.47368	65.06639	9.23179	42.74464	0.34008	0.34855	NA	0.07463	0.02429	0.0	0.30845	0.53708	0.31	NA	NA	NA	NA
chrX:140012239	chrX	140012239	T	C,*	0.44008	23.40891	64.90909	9.2058	42.23241	0.34818	0.3595	NA	0.0597	0.02024	0.0	0.30984	0.5351	0.31	NA	NA	NA	NA
chrX:140012241	chrX	140012241	T	C,*	0.43238	23.37247	64.72951	9.21904	41.91635	0.34818	0.36475	NA	0.07463	0.01215	0.0	0.31312	0.5505	0.31	NA	NA	NA	NA
chrX:140012243	chrX	140012243	T	C,*	0.42623	23.33603	63.82377	9.12272	42.36396	0.34413	0.37705	NA	0.0597	0.01215	0.0	0.30577	0.56103	0.31	NA	NA	NA	NA
chrX:140012245	chrX	140012245	T	C,*	0.42041	23.55061	63.36735	9.09505	41.96754	0.34413	0.38776	NA	0.0597	0.0081	0.0	0.30772	0.57428	0.31	NA	NA	NA	NA
chrX:140012247	chrX	140012247	T	C,*	0.41837	23.65992	62.80816	9.22295	42.31788	0.33603	0.39184	NA	0.0597	0.0081	0.0	0.30163	0.57328	0.31	NA	NA	NA	NA
chrX:140012251	chrX	140012251	T	C,*	0.37755	24.89069	60.32245	9.04147	41.18071	0.27126	0.43673	NA	0.02985	0.0081	0.0	0.29808	0.65414	0.31	NA	NA	NA	NA
chrX:140012267	chrX	140012267	T	C,*	0.33943	25.65182	56.14228	9.11981	42.6539	0.24291	0.47967	NA	0.01493	0.00405	0.0	0.30032	0.70943	0.31	NA	NA	NA	NA
chrX:140012288	chrX	140012288	C	A	0.00633	26.48988	28.0211	8.30117	31.47456	0.17814	0.77215	NA	0.0	0.04049	1.0	0.81538	0.99888	0.31	NA	NA	NA	NA
chrX:140012519	chrX	140012519	T	C	0.0081	34.39676	90.06883	5.11777	12.45542	0.0	0.00405	NA	0.0	0.0	1.0	0.49112	1.0	0.31	NA	NA	NA	NA
chrX:140012748	chrX	140012748	A	C	0.41903	40.63968	98.2753	7.72993	3.38053	0.0	0.0	NA	0.0	0.0	0.11702	0.48816	0.65098	0.31	NA	NA	NA	NA
chrX:140012984	chrX	140012984	C	T	0.04858	36.20243	94.49798	5.15999	9.31337	0.0	0.00405	NA	0.0	0.0	0.44393	0.4797	0.99582	0.31	NA	NA	NA	NA
chrX:140013282	chrX	140013282	A	T	0.22874	30.2753	89.60729	6.80425	13.16359	0.03239	0.0081	NA	0.0	0.0	0.47068	0.49229	0.09517	0.495	NA	NA	NA	NA
chrX:140013331	chrX	140013331	G	T	0.00607	30.82591	82.08502	6.16623	15.01127	0.02834	0.01619	NA	0.0	0.0	1.0	0.3253	1.0	0.495	NA	NA	NA	NA
chrX:140013357	chrX	140013357	A	G	0.18826	31.75304	90.8583	7.40411	12.22486	0.02429	0.01215	NA	0.0	0.0	0.67592	0.51574	0.05865	0.495	NA	NA	NA	NA
chrX:140013678	chrX	140013678	C	T	0.00607	32.83806	85.78138	6.12124	13.98289	0.01619	0.01215	NA	0.0	0.0	1.0	0.43478	1.0	0.495	NA	NA	NA	NA
chrX:140013740	chrX	140013740	T	A,*	0.23577	22.84211	36.76829	10.91334	31.95812	0.46559	0.72764	NA	0.02985	0.00405	0.0	0.64569	0.99566	0.495	NA	NA	NA	NA
chrX:140013741	chrX	140013741	T	A,*	0.23482	23.34413	36.23887	11.15117	29.72837	0.45749	0.73279	NA	0.02985	0.0	0.0	0.61451	0.99606	0.495	NA	NA	NA	NA
chrX:140013761	chrX	140013761	G	T	0.01528	27.46154	17.49782	8.04797	28.53939	0.14575	0.82533	NA	0.01493	0.07287	1.0	0.72727	0.99751	0.495	NA	NA	NA	NA
chrX:140013828	chrX	140013828	C	T	0.00202	33.52632	90.18219	5.35548	12.12684	0.01215	0.0081	NA	0.0	0.0	1.0	0.46512	1.0	0.495	NA	NA	NA	NA
chrX:140013982	chrX	140013982	C	T	1.0	33.61134	88.68826	5.66572	12.91829	0.00405	0.0081	NA	0.0	0.0	1.0	NA	1.0	0.495	NA	NA	NA	NA
chrX:140014214	chrX	140014214	G	A	0.34818	36.09717	95.63968	7.27778	7.87063	0.01215	0.00405	NA	0.0	0.0	0.88862	0.51102	0.77511	0.376	NA	NA	NA	NA
chrX:140014292	chrX	140014292	C	A	0.00202	37.12955	94.32389	4.84971	9.15274	0.0	0.00405	NA	0.0	0.0	1.0	0.52632	1.0	0.376	NA	NA	NA	NA
chrX:140014511	chrX	140014511	C	T	0.17814	37.15789	95.31984	6.64025	8.42801	0.0	0.0	NA	0.0	0.0	1.0	0.50139	0.95032	0.376	NA	NA	NA	NA
chrX:140014544	chrX	140014544	C	T	0.00405	37.33603	95.21457	4.90027	8.94873	0.0	0.0081	NA	0.0	0.0	1.0	0.53521	1.0	0.376	NA	NA	NA	NA
chrX:140014599	chrX	140014599	A	T	0.00607	37.74494	97.09312	4.35467	5.9595	0.0	0.0	NA	0.0	0.0	1.0	0.38095	1.0	0.376	NA	NA	NA	NA
chrX:140014716	chrX	140014716	G	A	0.3502	39.51417	96.91093	7.9561	8.20124	0.0	0.00405	NA	0.0	0.0	0.7807	0.49505	0.75673	0.376	NA	NA	NA	NA
chrX:140014776	chrX	140014776	C	T	0.3502	37.32389	96.2915	6.95458	7.47544	0.01215	0.00405	NA	0.0	0.0	0.7807	0.48577	0.76263	0.376	NA	NA	NA	NA
chrX:140015099	chrX	140015099	A	G	1.0	36.04453	92.54251	5.74757	10.70318	0.0081	0.00405	NA	0.0	0.0	1.0	NA	1.0	0.37	NA	NA	NA	NA
chrX:140015113	chrX	140015113	C	A	0.3502	38.43725	96.69231	7.83228	7.86694	0.00405	0.00405	NA	0.0	0.0	0.7807	0.48913	0.76007	0.37	NA	NA	NA	NA
chrX:140015135	chrX	140015135	A	C	0.3502	38.8502	97.12551	7.8914	6.03954	0.0	0.0	NA	0.0	0.0	0.7807	0.4868	0.75804	0.37	NA	NA	NA	NA
chrX:140015450	chrX	140015450	G	A	0.01012	36.62348	94.44534	5.02837	10.31161	0.00405	0.0081	NA	0.0	0.0	1.0	0.44828	1.0	0.37	NA	NA	NA	NA
chrX:140015525	chrX	140015525	T	C	0.34615	38.09312	96.59919	7.36694	7.86091	0.00405	0.00405	NA	0.0	0.0	1.0	0.50973	0.76127	0.37	NA	NA	NA	NA
chrX:140015622	chrX	140015622	C	T	0.03036	37.22267	95.30364	4.50237	8.60946	0.00405	0.0	NA	0.0	0.0	1.0	0.53242	1.0	0.37	NA	NA	NA	NA
chrX:140016085	chrX	140016085	C	A	0.34818	39.64372	96.75709	8.65524	7.31727	0.00405	0.0	NA	0.0	0.0	0.67434	0.5029	0.75836	0.35700000000000004	NA	NA	NA	NA
chrX:140016086	chrX	140016086	G	A	0.0081	37.79757	94.74899	6.27613	8.75605	0.00405	0.0	NA	0.0	0.0	1.0	0.47305	1.0	0.35700000000000004	NA	NA	NA	NA
chrX:140016221	chrX	140016221	A	T	0.31984	38.45344	95.87854	7.82616	9.3292	0.00405	0.00405	NA	0.0	0.0	0.88366	0.48611	0.79505	0.35700000000000004	NA	NA	NA	NA
chrX:140016305	chrX	140016305	C	T	0.31984	39.88664	96.54656	8.23556	8.26424	0.00405	0.0081	1.0	0.0	0.0	0.88366	0.50651	0.78471	0.35700000000000004	NA	NA	NA	NA
chrX:140016330	chrX	140016330	A	G	0.32186	39.08907	96.65587	7.84091	6.77926	0.00405	0.00405	NA	0.0	0.0	0.88484	0.50785	0.79057	0.35700000000000004	NA	NA	NA	NA
chrX:140016924	chrX	140016924	T	G	0.36032	40.18623	97.58704	8.05909	5.97552	0.0	0.00405	NA	0.0	0.0	0.67862	0.50669	0.74253	0.35700000000000004	NA	NA	NA	NA
chrX:140017017	chrX	140017017	T	C	0.03644	36.46559	93.65992	5.63722	9.95098	0.0	0.0	NA	0.0	0.0	1.0	0.48977	1.0	0.317	NA	NA	NA	NA
chrX:140017030	chrX	140017030	A	G	0.01215	36.53036	94.44534	5.05157	9.11557	0.0	0.0	NA	0.0	0.0	1.0	0.52471	1.0	0.317	NA	NA	NA	NA
chrX:140017586	chrX	140017586	T	C	0.00202	33.61943	89.63158	5.29236	12.43086	0.0081	0.0081	NA	0.0	0.0	1.0	0.51724	1.0	0.317	NA	NA	NA	NA
chrX:140017902	chrX	140017902	T	C	0.00202	32.21053	80.12146	8.46875	19.44205	0.08907	0.07692	NA	0.0	0.0	1.0	0.62162	1.0	0.317	NA	NA	NA	NA
chrX:140017926	chrX	140017926	T	C	0.02846	30.7085	70.60163	8.97445	23.16797	0.09717	0.17073	NA	0.0	0.00405	1.0	0.55085	1.0	0.317	NA	NA	NA	NA
chrX:140017972	chrX	140017972	T	C,*	0.31098	26.43725	71.8374	11.47156	36.47585	0.29555	0.26423	NA	0.04478	0.00405	0.0	0.22888	0.08189	0.317	NA	NA	NA	NA
chrX:140017978	chrX	140017978	T	C,*	0.3502	26.87854	72.84615	11.09097	35.34189	0.27935	0.25911	NA	0.02985	0.0	0.0	0.22126	0.15248	0.317	NA	NA	NA	NA
chrX:140017980	chrX	140017980	T	C,*	0.34615	26.75304	71.76518	11.09309	35.34593	0.28745	0.2753	NA	0.04478	0.0	0.0	0.18988	0.15294	0.317	NA	NA	NA	NA
chrX:140017982	chrX	140017982	T	C,*	0.3583	26.74494	70.95951	11.11853	36.24317	0.27935	0.2834	NA	0.02985	0.0	0.0	0.19892	0.18241	0.317	NA	NA	NA	NA
chrX:140018000	chrX	140018000	T	C,*	0.3502	26.91498	73.20648	10.92011	34.09685	0.2753	0.25101	NA	0.02985	0.0	0.0	0.19217	0.14588	0.424	NA	NA	NA	NA
chrX:140018023	chrX	140018023	T	G	0.0081	25.4332	46.74899	7.8421	32.93319	0.25101	0.48583	NA	0.0	0.0	1.0	0.86441	1.0	0.424	NA	NA	NA	NA
chrX:140018039	chrX	140018039	A	G	0.01215	29.38866	55.62753	7.68186	34.52958	0.09312	0.43725	NA	0.02985	0.0	1.0	0.86503	0.99648	0.424	NA	NA	NA	NA
chrX:140018074	chrX	140018074	C	T	0.00202	32.26721	86.05668	6.37461	15.01235	0.03644	0.02429	NA	0.0	0.0	1.0	0.61765	1.0	0.424	NA	NA	NA	NA
chrX:140018096	chrX	140018096	C	A	0.00202	32.66397	86.54251	5.83482	14.54532	0.01215	0.02024	NA	0.0	0.0	1.0	0.5	1.0	0.424	NA	NA	NA	NA
chrX:140018349	chrX	140018349	T	G	0.00202	35.21862	93.15385	5.18448	10.45512	0.00405	0.00405	NA	0.0	0.0	1.0	0.5	1.0	0.424	NA	NA	NA	NA
chrX:140018386	chrX	140018386	G	C	0.03644	37.67206	84.17409	6.39628	16.21997	0.00405	0.03644	NA	0.0	0.0	1.0	0.51263	1.0	0.424	NA	NA	NA	NA
chrX:140018414	chrX	140018414	G	T	0.00433	41.06478	44.85714	8.45095	32.51851	0.00405	0.48052	NA	0.0	0.06478	1.0	0.48718	1.0	0.424	NA	NA	NA	NA
chrX:140018854	chrX	140018854	C	T	0.36235	37.65587	96.26316	7.5659	8.17986	0.0081	0.0081	NA	0.0	0.0	0.40898	0.48977	0.2149	0.424	NA	NA	NA	NA
chrX:140019195	chrX	140019195	G	A	0.01012	41.54251	75.28745	8.07216	20.10871	0.00405	0.10931	NA	0.0	0.0	1.0	0.46693	1.0	0.387	NA	NA	NA	NA
chrX:140020470	chrX	140020470	C	T	0.00202	35.93117	94.06073	4.6964	9.96541	0.00405	0.00405	NA	0.0	0.0	1.0	0.46	1.0	0.376	NA	NA	NA	NA
chrX:140020782	chrX	140020782	G	A	0.00202	35.95142	94.76923	3.94032	9.45977	0.00405	0.00405	NA	0.0	0.0	1.0	0.43396	1.0	0.376	NA	NA	NA	NA
chrX:140021183	chrX	140021183	C	G	0.02024	35.69231	93.00405	5.53357	11.56336	0.0081	0.0081	NA	0.0	0.0	0.0887	0.53801	0.99681	0.387	NA	NA	NA	NA
chrX:140021344	chrX	140021344	C	T	0.00607	36.7004	96.29555	4.12499	7.0317	0.00405	0.00405	NA	0.0	0.0	1.0	0.5	1.0	0.387	NA	NA	NA	NA
chrX:140021410	chrX	140021410	T	C	0.0081	35.93522	93.79757	4.6891	9.49195	0.00405	0.00405	NA	0.0	0.0	1.0	0.47297	1.0	0.387	NA	NA	NA	NA
chrX:140021442	chrX	140021442	T	C	0.17814	37.74899	96.29555	6.87887	6.59373	0.00405	0.0	1.0	0.0	0.0	1.0	0.50988	0.94789	0.387	NA	NA	NA	NA
chrX:140021994	chrX	140021994	G	A	0.17611	37.92713	96.16194	6.54897	7.40455	0.0	0.0	NA	0.0	0.0	0.82801	0.50119	0.94708	0.387	NA	NA	NA	NA
chrX:140022429	chrX	140022429	A	C	0.00202	35.22672	91.39676	4.7845	11.24688	0.00405	0.0	NA	0.0	0.0	1.0	0.48	1.0	0.406	NA	NA	NA	NA
chrX:140022569	chrX	140022569	A	G	0.00202	36.31579	93.93522	4.58141	10.37566	0.00405	0.0	NA	0.0	0.0	1.0	0.5	1.0	0.406	NA	NA	NA	NA
chrX:140023108	chrX	140023108	T	C	0.0081	37.80567	97.39271	3.94406	5.9976	0.0	0.00405	NA	0.0	0.0	1.0	0.47826	1.0	0.396	NA	NA	NA	NA
chrX:140023150	chrX	140023150	T	C	0.17814	38.417	96.5587	6.66445	6.13033	0.0	0.0	NA	0.0	0.0	1.0	0.49451	0.94323	0.396	NA	NA	NA	NA
chrX:140023572	chrX	140023572	C	T	0.42105	36.37652	96.65182	7.11805	6.62223	0.00405	0.0	NA	0.0	0.0	0.0506	0.50738	0.66977	0.396	NA	NA	NA	NA
chrX:140023922	chrX	140023922	C	T	0.00202	36.43725	95.62753	3.94308	7.2778	0.0	0.0	NA	0.0	0.0	1.0	0.68293	1.0	0.396	NA	NA	NA	NA
chrX:140024128	chrX	140024128	A	G	0.00607	36.93927	96.22267	3.85409	7.70987	0.00405	0.00405	NA	0.0	0.0	1.0	0.51304	1.0	0.355	NA	NA	NA	NA
chrX:140024238	chrX	140024238	G	T	0.00607	36.02024	94.61538	4.41399	8.5783	0.0	0.0	NA	0.0	0.0	1.0	0.51969	1.0	0.355	NA	NA	NA	NA
chrX:140024390	chrX	140024390	G	T	0.00202	36.69231	95.89474	4.31042	7.54964	0.0	0.0	NA	0.0	0.0	1.0	0.60714	1.0	0.355	NA	NA	NA	NA
chrX:140024611	chrX	140024611	G	A	0.02834	31.59109	82.19028	6.60737	16.72422	0.04453	0.04453	NA	0.0	0.0	0.17255	0.50382	0.99703	0.355	NA	NA	NA	NA
chrX:140024724	chrX	140024724	T	C	0.00289	40.30364	43.52601	7.56657	48.29206	0.0	0.54913	NA	0.0	0.2996	1.0	0.45833	1.0	0.355	NA	NA	NA	NA
chrX:140024790	chrX	140024790	T	C	0.36437	33.85425	90.81781	7.68399	13.899	0.00405	0.0081	NA	0.0	0.0	0.33785	0.4858	0.25737	0.355	NA	NA	NA	NA
chrX:140024830	chrX	140024830	C	T	0.01012	34.04858	52.65992	7.55614	21.49319	0.02834	0.4413	NA	0.0	0.0	1.0	0.50273	1.0	0.355	NA	NA	NA	NA
chrX:140024846	chrX	140024846	G	C,*	0.26721	28.8583	84.88664	8.65463	29.42987	0.14575	0.13765	NA	0.13433	0.0	0.0	0.65909	0.59413	0.355	NA	NA	NA	NA
chrX:140024868	chrX	140024868	G	A	0.01215	34.88259	88.8583	6.46366	13.51693	0.0081	0.01215	NA	0.0	0.0	1.0	0.5	1.0	0.355	NA	NA	NA	NA
chrX:140025074	chrX	140025074	A	C	0.36437	38.78947	97.41296	8.27747	5.23818	0.0	0.0	NA	0.0	0.0	0.33785	0.49864	0.2212	0.43	NA	NA	NA	NA
chrX:140025086	chrX	140025086	A	G	0.36032	39.15385	97.24291	8.28019	5.96924	0.0	0.0	1.0	0.0	0.0	0.48974	0.49601	0.21736	0.43	NA	NA	NA	NA
chrX:140025357	chrX	140025357	G	A	1.0	34.10526	89.57895	4.9777	11.7453	0.0	0.00405	NA	0.0	0.0	1.0	NA	1.0	0.43	NA	NA	NA	NA
chrX:140025522	chrX	140025522	T	C	0.00202	36.14575	94.7166	3.88177	9.13631	0.0	0.00405	NA	0.0	0.0	1.0	0.63636	1.0	0.43	NA	NA	NA	NA
chrX:140025617	chrX	140025617	A	G	0.00202	35.19838	91.76113	4.59112	11.46662	0.00405	0.00405	NA	0.0	0.0	1.0	0.51515	1.0	0.43	NA	NA	NA	NA
chrX:140025631	chrX	140025631	A	G	0.03644	35.15789	92.86235	4.88271	10.29234	0.00405	0.00405	NA	0.0	0.0	1.0	0.49926	1.0	0.43	NA	NA	NA	NA
chrX:140025648	chrX	140025648	A	G	0.00405	35.14575	93.00405	4.6367	9.94272	0.0	0.0	NA	0.0	0.0	1.0	0.38333	1.0	0.43	NA	NA	NA	NA
chrX:140025741	chrX	140025741	T	C	0.00202	36.21053	94.63968	4.05804	9.81805	0.0	0.00405	NA	0.0	0.0	1.0	0.57692	1.0	0.43	NA	NA	NA	NA
chrX:140025851	chrX	140025851	G	T	1.0	36.2996	94.81781	3.9989	9.32276	0.0	0.0081	NA	0.0	0.0	1.0	NA	1.0	0.43	NA	NA	NA	NA
chrX:140025856	chrX	140025856	C	T	1.0	36.10526	94.97976	3.99861	8.35807	0.0	0.00405	NA	0.0	0.0	1.0	NA	1.0	0.43	NA	NA	NA	NA
chrX:140026150	chrX	140026150	A	C	0.39069	39.67206	97.84615	8.3214	4.179	0.0	0.0	NA	0.0	0.0	0.1434	0.50201	0.26171	0.34700000000000003	NA	NA	NA	NA
chrX:140026273	chrX	140026273	G	A	0.00405	37.50607	96.51822	4.30624	7.44729	0.0	0.0	NA	0.0	0.0	1.0	0.51546	1.0	0.34700000000000003	NA	NA	NA	NA
chrX:140026396	chrX	140026396	T	C	1.0	36.25101	94.98381	4.66976	8.43915	0.00405	0.0	NA	0.0	0.0	1.0	NA	1.0	0.34700000000000003	NA	NA	NA	NA
chrX:140026407	chrX	140026407	T	C	0.03644	36.77733	95.42105	5.42456	8.48916	0.00405	0.0	NA	0.0	0.0	1.0	0.51596	1.0	0.34700000000000003	NA	NA	NA	NA
chrX:140026989	chrX	140026989	G	A	0.02024	35.40486	92.12955	4.79732	10.81587	0.00405	0.00405	NA	0.0	0.0	1.0	0.48571	1.0	0.34700000000000003	NA	NA	NA	NA
chrX:140027569	chrX	140027569	G	A	0.3664	38.13765	96.98785	8.37178	6.6464	0.00405	0.00405	NA	0.0	0.0	0.41451	0.50598	0.22602	0.391	NA	NA	NA	NA
chrX:140027617	chrX	140027617	C	T	1.0	33.8583	87.60729	6.24892	14.10341	0.01215	0.02024	NA	0.0	0.0	1.0	NA	1.0	0.391	NA	NA	NA	NA
chrX:140027636	chrX	140027636	G	T	1.0	34.55061	89.47773	5.88823	12.5872	0.00405	0.0	NA	0.0	0.0	1.0	NA	1.0	0.391	NA	NA	NA	NA
chrX:140027664	chrX	140027664	C	A	0.39879	36.20243	95.87045	7.28454	8.69068	0.0081	0.00405	1.0	0.0	0.0	0.42753	0.49891	0.69111	0.391	NA	NA	NA	NA
chrX:140027811	chrX	140027811	A	G	1.0	36.92713	96.05263	4.00137	8.58821	0.0081	0.00405	NA	0.0	0.0	1.0	NA	1.0	0.391	NA	NA	NA	NA
chrX:140028168	chrX	140028168	A	T	0.03644	37.55061	95.7004	5.4202	7.57559	0.0	0.0	NA	0.0	0.0	1.0	0.52199	1.0	0.332	NA	NA	NA	NA
chrX:140028285	chrX	140028285	T	A	0.00202	36.66802	95.12146	4.33495	7.89936	0.0	0.00405	NA	0.0	0.0	1.0	0.5102	1.0	0.332	NA	NA	NA	NA
chrX:140028368	chrX	140028368	T	C	0.00202	36.50202	94.16599	4.66946	10.2323	0.00405	0.00405	NA	0.0	0.0	1.0	0.84	1.0	0.332	NA	NA	NA	NA
chrX:140028986	chrX	140028986	G	A	0.01822	35.97166	94.26721	4.89848	10.10038	0.00405	0.0081	NA	0.0	0.0	1.0	0.55747	1.0	0.332	NA	NA	NA	NA
chrX:140029198	chrX	140029198	G	A	0.00405	36.59514	94.38057	5.43458	10.49588	0.00405	0.00405	NA	0.0	0.0	1.0	0.51389	1.0	0.419	NA	NA	NA	NA
chrX:140029241	chrX	140029241	C	T	0.00607	41.38866	97.19028	8.77512	5.87611	0.00405	0.00405	NA	0.0	0.0	1.0	0.52027	0.0003	0.419	NA	NA	NA	NA
chrX:140029418	chrX	140029418	A	G	0.42713	37.46154	96.5668	7.45103	6.76752	0.00405	0.0	NA	0.0	0.0	0.36234	0.49479	0.64512	0.419	NA	NA	NA	NA
chrX:140029482	chrX	140029482	C	T	0.03644	37.79757	96.64777	5.38587	7.07749	0.00405	0.00405	NA	0.0	0.0	1.0	0.48796	1.0	0.419	NA	NA	NA	NA
chrX:140030109	chrX	140030109	G	C	0.00202	36.48988	94.99595	4.48291	9.04887	0.00405	0.0081	NA	0.0	0.0	1.0	0.53061	1.0	0.365	NA	NA	NA	NA
chrX:140030330	chrX	140030330	T	C	0.00202	36.50202	95.25506	4.54595	8.24743	0.00405	0.00405	NA	0.0	0.0	1.0	0.48077	1.0	0.365	NA	NA	NA	NA
chrX:140030559	chrX	140030559	G	A	0.417	38.87045	97.17004	7.26666	7.5764	0.00405	0.00405	NA	0.0	0.0	0.35967	0.49373	0.65312	0.365	NA	NA	NA	NA
chrX:140030837	chrX	140030837	A	T	0.00202	36.73279	95.14575	4.42754	9.42034	0.00405	0.00405	NA	0.0	0.0	1.0	0.72973	1.0	0.365	NA	NA	NA	NA
chrX:140030839	chrX	140030839	A	T	0.00202	36.7085	95.36842	4.42416	9.19912	0.00405	0.00405	NA	0.0	0.0	1.0	0.74286	1.0	0.365	NA	NA	NA	NA
chrX:140030961	chrX	140030961	T	C	0.00202	36.98785	96.65182	3.53436	6.34126	0.0	0.0	NA	0.01493	0.0	1.0	0.37838	1.0	0.365	NA	NA	NA	NA
chrX:140031449	chrX	140031449	A	G	0.00202	36.35628	94.78947	4.41664	9.07087	0.00405	0.00405	NA	0.0	0.0	1.0	0.5	1.0	0.37200000000000005	NA	NA	NA	NA
chrX:140031887	chrX	140031887	A	G	0.00405	36.34008	94.59919	4.53327	9.40319	0.0	0.00405	NA	0.0	0.0	1.0	0.35714	1.0	0.37200000000000005	NA	NA	NA	NA
chrX:140031917	chrX	140031917	T	C	0.00405	37.81781	97.20243	4.02068	6.59757	0.0	0.00405	NA	0.0	0.0	1.0	0.40741	1.0	0.37200000000000005	NA	NA	NA	NA
chrX:140032544	chrX	140032544	A	T	0.00202	36.72065	96.36437	3.67021	6.83344	0.0	0.0	NA	0.0	0.0	1.0	0.43902	1.0	0.36	NA	NA	NA	NA
chrX:140032811	chrX	140032811	T	C	0.00202	37.30769	96.52632	3.89006	6.60918	0.0	0.0	NA	0.0	0.0	1.0	0.58824	1.0	0.36	NA	NA	NA	NA
chrX:140032886	chrX	140032886	T	G	0.00405	37.52632	96.61538	3.65348	7.04298	0.0	0.0	NA	0.0	0.0	1.0	0.43011	1.0	0.36	NA	NA	NA	NA
chrX:140033433	chrX	140033433	G	T	0.00202	34.91903	85.74494	6.57242	15.79865	0.00405	0.02429	NA	0.0	0.0	1.0	0.55	1.0	0.419	NA	NA	NA	NA
chrX:140033440	chrX	140033440	T	C	1.0	34.73684	85.53846	6.82293	15.61886	0.0081	0.03644	NA	0.0	0.0	1.0	NA	1.0	0.419	NA	NA	NA	NA
chrX:140033447	chrX	140033447	A	G	1.0	35.21053	37.66397	7.72891	26.96197	0.00405	0.68016	NA	0.0	0.0	1.0	NA	1.0	0.419	NA	NA	NA	NA
chrX:140033523	chrX	140033523	T	A	0.00202	38.11741	91.77328	5.98222	11.60763	0.0	0.00405	NA	0.0	0.0	1.0	0.48	1.0	0.419	NA	NA	NA	NA
chrX:140033537	chrX	140033537	A	G	0.00405	37.80972	94.93522	5.2429	8.87377	0.00405	0.00405	NA	0.0	0.0	1.0	0.55128	1.0	0.419	NA	NA	NA	NA
chrX:140033856	chrX	140033856	T	C	0.00405	35.42915	92.25506	4.97984	11.68366	0.00405	0.0081	NA	0.0	0.0	1.0	0.625	1.0	0.419	NA	NA	NA	NA
chrX:140033950	chrX	140033950	G	A	0.00607	35.94332	93.97571	4.3725	9.97759	0.0	0.0081	NA	0.0	0.0	1.0	0.53333	1.0	0.419	NA	NA	NA	NA
chrX:140034372	chrX	140034372	T	C	0.00405	35.51012	92.5668	4.95415	12.00451	0.0081	0.00405	NA	0.0	0.0	1.0	0.50746	1.0	0.43200000000000005	NA	NA	NA	NA
chrX:140034767	chrX	140034767	A	C	0.00405	35.76113	93.25101	4.70725	10.38887	0.00405	0.0	NA	0.0	0.0	1.0	0.55172	1.0	0.43200000000000005	NA	NA	NA	NA
chrX:140035043	chrX	140035043	T	C	0.00405	35.73684	93.34008	4.51731	10.40783	0.00405	0.0	NA	0.0	0.0	1.0	0.45833	1.0	0.419	NA	NA	NA	NA
chrX:140035279	chrX	140035279	A	G	0.00202	35.78543	90.23482	5.43537	13.42858	0.0081	0.01619	NA	0.0	0.0	1.0	0.5122	1.0	0.419	NA	NA	NA	NA
chrX:140035740	chrX	140035740	C	A	0.00607	35.73279	93.11741	4.64179	10.83235	0.0	0.00405	NA	0.0	0.0	1.0	0.39604	1.0	0.419	NA	NA	NA	NA
chrX:140036123	chrX	140036123	T	C	0.09717	37.39271	95.64777	5.41562	8.07343	0.0	0.0	NA	0.0	0.0	0.71114	0.49092	0.98233	0.41100000000000003	NA	NA	NA	NA
chrX:140036130	chrX	140036130	T	A	0.00405	36.8502	94.89474	4.39117	8.55334	0.0	0.00405	NA	0.0	0.0	1.0	0.38554	1.0	0.41100000000000003	NA	NA	NA	NA
chrX:140036198	chrX	140036198	A	G	0.01012	37.38866	95.76518	4.98726	7.67171	0.0	0.0	NA	0.0	0.0	1.0	0.55435	1.0	0.41100000000000003	NA	NA	NA	NA
chrX:140036472	chrX	140036472	T	C	0.0081	36.62348	94.63968	4.69993	9.10841	0.0	0.00405	NA	0.0	0.0	1.0	0.54074	1.0	0.41100000000000003	NA	NA	NA	NA
chrX:140036576	chrX	140036576	T	A	0.00607	42.36032	97.92713	8.77008	4.64281	0.0	0.0	NA	0.0	0.0	1.0	0.6087	0.00039	0.41100000000000003	NA	NA	NA	NA
chrX:140036724	chrX	140036724	G	A	0.01619	34.583	87.70445	6.18681	14.1363	0.01215	0.01215	NA	0.0	0.0	1.0	0.53125	1.0	0.41100000000000003	NA	NA	NA	NA
chrX:140036769	chrX	140036769	G	A	1.0	34.0081	87.91498	5.65254	13.24338	0.0	0.0081	NA	0.0	0.0	1.0	NA	1.0	0.41100000000000003	NA	NA	NA	NA
chrX:140036809	chrX	140036809	C	G	0.00405	33.2834	87.59109	5.61942	13.28941	0.0081	0.01619	NA	0.0	0.0	1.0	0.46032	1.0	0.41100000000000003	NA	NA	NA	NA
chrX:140036897	chrX	140036897	A	C	0.01619	29.97571	78.73279	6.60495	14.76047	0.04049	0.02834	NA	0.0	0.0	1.0	0.51381	1.0	0.41100000000000003	NA	NA	NA	NA
chrX:140036919	chrX	140036919	G	C	0.00202	28.69636	68.71255	6.63577	16.028	0.06883	0.11336	NA	0.0	0.0	1.0	0.625	1.0	0.41100000000000003	NA	NA	NA	NA
chrX:140036957	chrX	140036957	T	C	0.01423	30.8583	55.94715	7.25383	24.634	0.03644	0.40244	NA	0.0	0.00405	1.0	0.61069	1.0	0.41100000000000003	NA	NA	NA	NA
chrX:140037103	chrX	140037103	T	C	0.02024	33.60324	79.35628	6.83104	15.2319	0.0081	0.02429	NA	0.0	0.0	1.0	0.51449	1.0	0.445	NA	NA	NA	NA
chrX:140037182	chrX	140037182	G	A	0.03441	35.02024	93.39676	5.66292	10.51733	0.0081	0.0	NA	0.0	0.0	1.0	0.5	1.0	0.445	NA	NA	NA	NA
chrX:140037241	chrX	140037241	C	G	0.0587	33.96761	87.87854	6.24426	14.38613	0.02024	0.02834	NA	0.0	0.0	1.0	0.50377	1.0	0.445	NA	NA	NA	NA
chrX:140037358	chrX	140037358	C	G	0.0587	35.79757	91.54251	5.49718	11.36985	0.00405	0.00405	NA	0.0	0.0	1.0	0.4929	1.0	0.445	NA	NA	NA	NA
chrX:140037524	chrX	140037524	C	T	0.0081	35.25911	87.71255	5.98216	14.11834	0.0	0.02024	NA	0.0	0.0	1.0	0.48052	1.0	0.445	NA	NA	NA	NA
chrX:140037611	chrX	140037611	G	A	0.01417	32.31984	86.01619	6.22535	14.15879	0.00405	0.01215	NA	0.0	0.0	1.0	0.55607	1.0	0.445	NA	NA	NA	NA
chrX:140037613	chrX	140037613	T	C	0.04858	32.31579	85.80567	6.21543	15.86076	0.0081	0.03239	NA	0.0	0.0	1.0	0.5557	1.0	0.445	NA	NA	NA	NA
chrX:140037653	chrX	140037653	G	A	0.00405	35.30769	91.86235	5.67215	11.12408	0.0	0.01215	NA	0.0	0.0	1.0	0.45	1.0	0.445	NA	NA	NA	NA
chrX:140037721	chrX	140037721	A	G	1.0	35.47368	91.04049	5.37594	12.20616	0.00405	0.0081	NA	0.0	0.0	1.0	NA	1.0	0.445	NA	NA	NA	NA
chrX:140037746	chrX	140037746	C	A	0.04656	35.10121	91.22672	5.85269	12.46773	0.01619	0.01215	NA	0.0	0.0	1.0	0.70978	1.0	0.445	NA	NA	NA	NA
chrX:140037751	chrX	140037751	C	A	0.04656	35.11741	90.77328	6.14976	13.71506	0.02429	0.02024	NA	0.0	0.0	1.0	0.69502	1.0	0.445	NA	NA	NA	NA
chrX:140037761	chrX	140037761	G	A	0.00405	36.08097	90.1336	5.47514	15.79011	0.0	0.03239	NA	0.0	0.0	1.0	0.91489	0.99989	0.445	NA	NA	NA	NA
chrX:140037798	chrX	140037798	A	G	0.04858	36.79352	96.15385	4.65844	7.26338	0.0	0.0	NA	0.0	0.0	1.0	0.60269	1.0	0.445	NA	NA	NA	NA
chrX:140037807	chrX	140037807	T	G	0.04453	36.95142	96.46964	4.66409	6.4718	0.0	0.0	NA	0.0	0.0	1.0	0.58432	1.0	0.445	NA	NA	NA	NA
chrX:140037853	chrX	140037853	C	T	0.04858	36.1336	93.20648	5.1909	10.21963	0.0	0.00405	NA	0.0	0.0	1.0	0.5404	1.0	0.445	NA	NA	NA	NA
chrX:140037863	chrX	140037863	A	G	0.04858	36.19433	93.73279	4.98072	9.23372	0.00405	0.00405	NA	0.0	0.0	1.0	0.54809	1.0	0.445	NA	NA	NA	NA
chrX:140038123	chrX	140038123	A	G	0.0587	37.27935	96.17004	5.31745	7.47974	0.0	0.00405	NA	0.0	0.0	1.0	0.54796	1.0	0.36	NA	NA	NA	NA
chrX:140038132	chrX	140038132	C	T	0.0587	37.96761	97.46154	5.51116	5.39172	0.0	0.0	NA	0.0	0.0	1.0	0.55452	1.0	0.36	NA	NA	NA	NA
chrX:140038252	chrX	140038252	G	A	0.00607	37.30769	96.95142	4.1802	6.31086	0.0	0.0	NA	0.0	0.0	1.0	0.44828	1.0	0.36	NA	NA	NA	NA
chrX:140038291	chrX	140038291	A	C	0.00202	37.2834	96.95547	4.07259	6.00356	0.0	0.0	NA	0.0	0.0	1.0	0.48571	1.0	0.36	NA	NA	NA	NA
chrX:140038399	chrX	140038399	A	C	0.0587	36.48988	94.16194	5.54938	9.74878	0.00405	0.00405	NA	0.0	0.0	1.0	0.48583	1.0	0.36	NA	NA	NA	NA
chrX:140038440	chrX	140038440	G	C	0.0587	36.93927	94.63158	5.87128	9.51667	0.00405	0.00405	NA	0.0	0.0	1.0	0.49475	1.0	0.36	NA	NA	NA	NA
chrX:140038559	chrX	140038559	A	T	0.00405	36.59109	95.12146	4.77361	7.33639	0.0	0.0	NA	0.0	0.0	1.0	0.47727	1.0	0.36	NA	NA	NA	NA
chrX:140038594	chrX	140038594	T	G	0.05668	37.06883	95.72874	5.33276	7.22541	0.0	0.0	1.0	0.0	0.0	1.0	0.4928	1.0	0.36	NA	NA	NA	NA
chrX:140038598	chrX	140038598	C	T	0.01012	36.78138	94.83806	4.75676	8.61119	0.0	0.0	NA	0.0	0.0	1.0	0.51905	1.0	0.36	NA	NA	NA	NA
chrX:140038643	chrX	140038643	G	A	0.00202	36.49798	95.10121	4.631	8.64439	0.00405	0.00405	NA	0.0	0.0	1.0	0.53659	1.0	0.36	NA	NA	NA	NA
chrX:140038730	chrX	140038730	G	A	0.05061	36.80567	95.38057	5.29714	8.02137	0.0	0.0	NA	0.0	0.0	1.0	0.50513	1.0	0.36	NA	NA	NA	NA
chrX:140038760	chrX	140038760	G	A	0.00202	36.9919	96.49798	3.4488	5.91668	0.0	0.0	NA	0.0	0.0	1.0	0.52381	1.0	0.36	NA	NA	NA	NA
chrX:140038839	chrX	140038839	C	T	0.01619	36.35223	93.63968	4.7165	9.81763	0.0	0.0	NA	0.0	0.0	1.0	0.52648	1.0	0.36	NA	NA	NA	NA
chrX:140038878	chrX	140038878	A	C	0.04049	36.05263	94.51012	4.67667	9.31642	0.0	0.00405	NA	0.0	0.0	1.0	0.50813	1.0	0.36	NA	NA	NA	NA
chrX:140039126	chrX	140039126	C	T	0.00607	34.12955	90.22267	5.50825	11.88029	0.0081	0.0	NA	0.0	0.0	1.0	0.42683	1.0	0.39899999999999997	NA	NA	NA	NA
chrX:140039221	chrX	140039221	C	T	0.0081	33.91903	87.04453	5.70992	14.10739	0.0	0.01215	NA	0.0	0.0	1.0	0.51667	1.0	0.39899999999999997	NA	NA	NA	NA
chrX:140039300	chrX	140039300	C	T	0.01822	33.81781	91.76113	7.64582	11.66799	0.01619	0.0081	NA	0.0	0.0	0.07147	0.48837	0.00442	0.39899999999999997	NA	NA	NA	NA
chrX:140039317	chrX	140039317	C	T	0.26923	34.0	92.10526	6.94988	12.57098	0.01215	0.0081	NA	0.0	0.0	0.51795	0.49666	0.87241	0.39899999999999997	NA	NA	NA	NA
chrX:140039334	chrX	140039334	C	T	0.00607	34.52227	88.62348	5.96249	13.26558	0.00405	0.01619	NA	0.0	0.0	1.0	0.51765	1.0	0.39899999999999997	NA	NA	NA	NA
chrX:140039335	chrX	140039335	G	C	0.00607	34.77328	89.41296	5.862	12.58045	0.00405	0.0	NA	0.0	0.0	1.0	0.51724	1.0	0.39899999999999997	NA	NA	NA	NA
chrX:140039450	chrX	140039450	G	A	0.05263	33.63563	39.60324	8.74369	30.71314	0.01215	0.63158	NA	0.02985	0.0	1.0	0.83021	0.96211	0.39899999999999997	NA	NA	NA	NA
chrX:140039455	chrX	140039455	G	A	0.04453	35.88664	52.51417	8.28821	29.31145	0.0081	0.49393	NA	0.02985	0.0	1.0	0.86039	0.97305	0.39899999999999997	NA	NA	NA	NA
chrX:140039721	chrX	140039721	A	C	0.02834	37.23482	93.32794	5.30929	11.06273	0.0	0.0081	NA	0.0	0.0	1.0	0.52897	1.0	0.39899999999999997	NA	NA	NA	NA
chrX:140039797	chrX	140039797	G	A	0.04049	36.95951	94.4413	5.43909	8.7761	0.0	0.0	NA	0.0	0.0	0.00426	0.51681	0.98529	0.39899999999999997	NA	NA	NA	NA
chrX:140039972	chrX	140039972	T	C	0.00405	36.47368	94.47773	7.58946	8.36991	0.00405	0.0	NA	0.0	0.0	1.0	0.47541	0.00056	0.39899999999999997	NA	NA	NA	NA
chrX:140040453	chrX	140040453	C	T	0.02632	41.90688	97.71255	8.33224	4.5014	0.0	0.0	NA	0.0	0.0	1.0	0.52311	0.0002	0.35200000000000004	NA	NA	NA	NA
chrX:140040458	chrX	140040458	C	T	0.00202	39.53036	96.10526	6.27212	7.51672	0.0	0.00405	NA	0.0	0.0	1.0	0.41818	1.0	0.35200000000000004	NA	NA	NA	NA
chrX:140040600	chrX	140040600	C	T	0.22267	46.0081	98.417	9.15316	3.39299	0.0	0.0	NA	0.0	0.0	0.35636	0.50385	0.07592	0.35200000000000004	NA	NA	NA	NA
chrX:140040647	chrX	140040647	C	T	0.02024	41.53036	97.67611	8.67702	4.41362	0.0	0.0	NA	0.0	0.0	1.0	0.49373	0.0002	0.35200000000000004	NA	NA	NA	NA
chrX:140041133	chrX	140041133	C	T	1.0	35.84211	93.33603	4.56428	10.13428	0.0	0.0	NA	0.0	0.0	1.0	NA	1.0	0.424	NA	NA	NA	NA
chrX:140041143	chrX	140041143	G	A	0.00202	35.84615	93.26721	4.69395	10.70339	0.0	0.0081	NA	0.0	0.0	1.0	0.68966	1.0	0.424	NA	NA	NA	NA
chrX:140041223	chrX	140041223	C	G	0.00405	33.52632	87.58704	5.92692	14.05533	0.0081	0.01215	NA	0.0	0.0	1.0	0.56522	1.0	0.424	NA	NA	NA	NA
chrX:140041227	chrX	140041227	G	T	0.00607	33.51417	87.16194	5.91735	14.59306	0.0081	0.0081	NA	0.0	0.0	1.0	0.45946	1.0	0.424	NA	NA	NA	NA
chrX:140041481	chrX	140041481	C	T	0.02429	37.81377	94.23887	6.12055	8.51801	0.0	0.0	NA	0.0	0.0	1.0	0.50281	1.0	0.424	NA	NA	NA	NA
chrX:140041499	chrX	140041499	T	G	0.06883	38.61538	96.03239	8.23202	6.57098	0.0	0.0	1.0	0.0	0.0	0.31733	0.50636	0.00909	0.424	NA	NA	NA	NA
chrX:140041541	chrX	140041541	T	C	0.00202	35.87045	92.85425	5.76076	10.83257	0.0081	0.0081	NA	0.0	0.0	1.0	0.53846	1.0	0.424	NA	NA	NA	NA
chrX:140041547	chrX	140041547	G	A	0.03036	35.93522	92.91093	5.99219	10.71737	0.01215	0.00405	NA	0.0	0.0	1.0	0.48587	1.0	0.424	NA	NA	NA	NA
chrX:140041589	chrX	140041589	C	T	0.01417	35.92713	91.8583	5.70718	11.1169	0.0	0.01215	NA	0.0	0.0	1.0	0.48288	1.0	0.424	NA	NA	NA	NA
chrX:140041615	chrX	140041615	A	G	0.00405	35.21053	91.21862	6.057	11.81156	0.0081	0.01619	NA	0.0	0.0	1.0	0.40678	1.0	0.424	NA	NA	NA	NA
chrX:140041672	chrX	140041672	G	C	0.00607	36.32389	94.00405	5.39425	8.68252	0.0	0.0	NA	0.0	0.0	1.0	0.5036	1.0	0.424	NA	NA	NA	NA
chrX:140041700	chrX	140041700	T	A	0.26316	39.53846	97.05263	8.64178	7.77904	0.0	0.00405	NA	0.0	0.0	0.86956	0.50442	0.87829	0.424	NA	NA	NA	NA
chrX:140041794	chrX	140041794	C	T	0.00202	37.79757	96.79352	5.24826	6.34396	0.0	0.0	NA	0.0	0.0	1.0	0.66667	1.0	0.424	NA	NA	NA	NA
chrX:140041875	chrX	140041875	G	T	0.11538	36.68421	94.55466	6.12716	9.6918	0.0	0.00405	NA	0.0	0.0	1.0	0.4924	0.98672	0.424	NA	NA	NA	NA
chrX:140042088	chrX	140042088	G	A	0.00202	37.1417	95.02024	4.8456	9.29133	0.00405	0.00405	NA	0.0	0.0	1.0	0.47222	1.0	0.39799999999999996	NA	NA	NA	NA
chrX:140042125	chrX	140042125	G	A	0.40283	39.68826	96.9919	7.83078	6.53383	0.0	0.0	NA	0.0	0.0	1.0	0.50609	0.66604	0.39799999999999996	NA	NA	NA	NA
chrX:140042325	chrX	140042325	T	C	0.13968	37.63968	95.91903	6.09109	7.82595	0.00405	0.00405	NA	0.0	0.0	0.59302	0.50974	0.96434	0.39799999999999996	NA	NA	NA	NA
chrX:140042654	chrX	140042654	T	G	0.14777	38.20243	95.2834	6.4126	8.10103	0.0	0.0	1.0	0.0	0.0	0.44515	0.48228	0.95596	0.39799999999999996	NA	NA	NA	NA
chrX:140042788	chrX	140042788	A	G	0.2996	37.04453	95.93522	8.52412	8.09069	0.0081	0.0	NA	0.0	0.0	1.0	0.50163	0.14941	0.39799999999999996	NA	NA	NA	NA
chrX:140042859	chrX	140042859	A	G	0.2996	38.79352	96.23077	8.80098	7.92902	0.0081	0.00405	1.0	0.0	0.0	1.0	0.49541	0.15052	0.39799999999999996	NA	NA	NA	NA
chrX:140043165	chrX	140043165	T	C	0.00202	33.83806	45.23077	7.47177	14.40724	0.0081	0.7004	NA	0.0	0.0	1.0	0.39394	1.0	0.48	NA	NA	NA	NA
chrX:140043231	chrX	140043231	C	T	0.41093	26.20243	86.19433	6.23975	17.2498	0.1336	0.05263	NA	0.0	0.0	1.0	0.47336	0.69733	0.48	NA	NA	NA	NA
chrX:140043384	chrX	140043384	T	C	0.00202	34.64777	87.78947	5.24147	14.33443	0.0	0.02834	NA	0.0	0.0	1.0	0.92308	1.0	0.48	NA	NA	NA	NA
chrX:140043385	chrX	140043385	G	A	0.00202	34.77733	87.53846	5.17371	14.50223	0.0	0.02024	NA	0.0	0.0	1.0	0.85185	1.0	0.48	NA	NA	NA	NA
chrX:140043396	chrX	140043396	C	A	0.42308	34.95951	95.34008	7.01033	8.56763	0.00405	0.0	NA	0.0	0.0	0.7954	0.49704	0.66792	0.48	NA	NA	NA	NA
chrX:140043459	chrX	140043459	G	A	0.00202	33.65587	87.76518	5.7952	13.50706	0.0081	0.01215	NA	0.0	0.0	1.0	0.52941	1.0	0.48	NA	NA	NA	NA
chrX:140043778	chrX	140043778	C	T	0.00607	35.7247	92.52227	5.09953	10.25877	0.0	0.0	NA	0.0	0.0	1.0	0.43871	1.0	0.48	NA	NA	NA	NA
chrX:140043779	chrX	140043779	G	C	0.1417	35.81781	94.55466	5.35595	8.93313	0.0	0.0	NA	0.0	0.0	1.0	0.49885	0.9735	0.48	NA	NA	NA	NA
chrX:140043863	chrX	140043863	G	A	0.42308	35.03644	94.74089	6.74527	9.79327	0.0081	0.00405	NA	0.0	0.0	0.7954	0.50436	0.64935	0.48	NA	NA	NA	NA
chrX:140043935	chrX	140043935	G	T	1.0	35.44534	92.72065	5.37194	10.7082	0.0	0.00405	NA	0.0	0.0	1.0	NA	1.0	0.48	NA	NA	NA	NA
chrX:140043974	chrX	140043974	G	A	0.2915	37.4251	95.38866	7.29806	8.85123	0.00405	0.00405	1.0	0.0	0.0	0.35675	0.50506	0.83394	0.48	NA	NA	NA	NA
chrX:140044000	chrX	140044000	T	G	0.1417	36.37652	93.64777	6.43352	9.92581	0.00405	0.00405	NA	0.0	0.0	1.0	0.50772	0.97276	0.42200000000000004	NA	NA	NA	NA
chrX:140044117	chrX	140044117	A	C	0.00202	36.90688	95.33603	4.17837	7.04143	0.0	0.0	NA	0.0	0.0	1.0	0.64	1.0	0.42200000000000004	NA	NA	NA	NA
chrX:140044362	chrX	140044362	T	C	0.14372	36.03644	94.22672	5.78007	9.57964	0.00405	0.0	1.0	0.0	0.0	0.60638	0.51594	0.96525	0.42200000000000004	NA	NA	NA	NA
chrX:140044712	chrX	140044712	A	G	0.01619	36.66802	95.04858	5.27256	8.28786	0.0	0.0	NA	0.0	0.0	1.0	0.49227	1.0	0.42200000000000004	NA	NA	NA	NA
chrX:140044753	chrX	140044753	G	T	0.28745	39.5587	97.50607	8.04633	4.49107	0.0	0.0	NA	0.0	0.0	0.75666	0.49009	0.12845	0.42200000000000004	NA	NA	NA	NA
chrX:140044919	chrX	140044919	A	G	0.00202	36.06478	92.90688	5.88817	11.24683	0.0	0.00405	NA	0.0	0.0	1.0	0.36	1.0	0.42200000000000004	NA	NA	NA	NA
chrX:140044959	chrX	140044959	T	C	0.01215	39.34413	95.84615	8.73079	8.19482	0.0081	0.00405	NA	0.0	0.0	1.0	0.50935	0.00021	0.42200000000000004	NA	NA	NA	NA
chrX:140045049	chrX	140045049	C	A	0.0081	35.32794	91.80162	5.50256	11.7011	0.00405	0.00405	NA	0.0	0.0	1.0	0.53548	1.0	0.41600000000000004	NA	NA	NA	NA
chrX:140045079	chrX	140045079	G	C	0.00202	35.22267	92.04049	5.29947	11.63461	0.0081	0.0081	NA	0.0	0.0	1.0	0.61111	1.0	0.41600000000000004	NA	NA	NA	NA
chrX:140045171	chrX	140045171	G	A	0.26721	36.91498	95.66397	6.95316	10.08563	0.00405	0.0081	NA	0.0	0.0	0.87198	0.51383	0.87342	0.41600000000000004	NA	NA	NA	NA
chrX:140045588	chrX	140045588	T	A	0.01012	36.63968	94.67206	4.25074	8.71324	0.0	0.0	NA	0.0	0.0	1.0	0.50926	1.0	0.41600000000000004	NA	NA	NA	NA
chrX:140045938	chrX	140045938	T	G	0.16194	36.36032	94.58704	5.83824	9.27052	0.0	0.0	NA	0.0	0.0	1.0	0.50853	0.96313	0.41600000000000004	NA	NA	NA	NA
chrX:140046156	chrX	140046156	G	A	0.00202	36.64777	95.28745	3.88679	7.71246	0.0	0.0	NA	0.0	0.0	1.0	0.55263	1.0	0.42	NA	NA	NA	NA
chrX:140046276	chrX	140046276	T	C	0.00202	35.75709	93.36032	4.45183	9.57744	0.0	0.0	NA	0.0	0.0	1.0	0.59375	1.0	0.42	3	5.0	nan	2
chrX:140046293	chrX	140046293	G	A	0.0081	36.23077	93.98785	4.73434	9.77615	0.0	0.0	NA	0.0	0.0	1.0	0.4899	1.0	0.42	NA	NA	NA	NA
chrX:140046594	chrX	140046594	C	T	0.00405	36.03239	94.15385	4.29205	9.16785	0.0	0.0	NA	0.0	0.0	1.0	0.52857	1.0	0.42	NA	NA	NA	NA
chrX:140046614	chrX	140046614	T	C	0.01215	35.76518	92.81377	4.9855	10.26705	0.0	0.0	NA	0.0	0.0	1.0	0.5	1.0	0.42	NA	NA	NA	NA
chrX:140046668	chrX	140046668	T	C	0.15789	35.87854	94.55466	5.38756	8.53425	0.0	0.0	1.0	0.0	0.0	0.4701	0.49394	0.97859	0.42	NA	NA	NA	NA
chrX:140046952	chrX	140046952	G	A	0.04251	34.21862	90.17409	5.39881	12.30994	0.0	0.00405	NA	0.0	0.0	1.0	0.46917	1.0	0.42	NA	NA	NA	NA
chrX:140046998	chrX	140046998	G	A	0.00202	35.4413	93.04049	4.85685	10.20991	0.0	0.0	NA	0.0	0.0	1.0	0.65217	1.0	0.42	NA	NA	NA	NA
chrX:140047044	chrX	140047044	G	A	0.15385	35.04858	92.99595	5.77189	10.62307	0.0081	0.00405	NA	0.0	0.0	0.22291	0.50685	0.98591	0.457	NA	NA	NA	NA
chrX:140047412	chrX	140047412	C	T	0.00202	33.93117	88.32389	5.4317	13.05338	0.0	0.0	NA	0.0	0.0	1.0	0.4	1.0	0.457	NA	NA	NA	NA
chrX:140047467	chrX	140047467	C	T	0.01417	30.02429	80.04049	6.40752	16.80224	0.04049	0.04858	NA	0.0	0.0	1.0	0.5084	1.0	0.457	NA	NA	NA	NA
chrX:140047614	chrX	140047614	C	G	0.00405	36.03239	93.51417	4.12396	9.21904	0.0	0.0	NA	0.0	0.0	1.0	0.49351	1.0	0.457	NA	NA	NA	NA
chrX:140047659	chrX	140047659	T	C	1.0	36.20648	94.87045	4.14889	8.48573	0.0	0.0	NA	0.0	0.0	1.0	NA	1.0	0.457	NA	NA	NA	NA
chrX:140047978	chrX	140047978	T	A	0.00202	36.63158	93.54251	4.69712	9.78993	0.00405	0.00405	NA	0.0	0.0	1.0	0.5102	1.0	0.457	NA	NA	NA	NA
chrX:140048093	chrX	140048093	C	T	0.43117	38.05668	95.7166	7.9042	8.4117	0.0	0.00405	NA	0.0	0.0	0.69739	0.499	0.63419	0.43799999999999994	NA	NA	NA	NA
chrX:140048456	chrX	140048456	A	T	0.43522	33.69636	94.91498	7.08492	8.9763	0.01215	0.00405	NA	0.0	0.0	0.51884	0.52952	0.66431	0.43799999999999994	NA	NA	NA	NA
chrX:140048790	chrX	140048790	A	G	0.00405	37.30769	96.60324	4.11057	6.39522	0.0	0.0	NA	0.0	0.0	1.0	0.48958	1.0	0.43799999999999994	NA	NA	NA	NA
chrX:140048962	chrX	140048962	T	C	0.40081	38.2996	96.39676	7.32071	7.82458	0.00405	0.00405	NA	0.0	0.0	0.1472	0.50696	0.26541	0.43799999999999994	3	2.3	1.2	500
chrX:140049029	chrX	140049029	C	T	0.40081	37.66397	96.19433	7.94624	7.51169	0.0	0.0	1.0	0.0	0.0	0.1472	0.50098	0.25838	0.461	NA	NA	NA	NA
chrX:140049261	chrX	140049261	C	T	0.00607	36.2834	93.76923	4.19163	10.0081	0.0	0.00405	NA	0.0	0.0	1.0	0.48515	1.0	0.461	NA	NA	NA	NA
chrX:140049490	chrX	140049490	C	A	0.39271	38.74089	97.10121	7.28609	6.46016	0.0	0.00405	NA	0.0	0.0	0.5044	0.49654	0.69118	0.461	NA	NA	NA	NA
chrX:140049882	chrX	140049882	C	T	0.40283	33.39676	94.19433	6.39967	9.85684	0.0	0.0	NA	0.0	0.0	0.23335	0.49703	0.29527	0.461	NA	NA	NA	NA
chrX:140049894	chrX	140049894	A	G	0.40081	32.4251	94.32389	6.33495	9.44778	0.00405	0.0	NA	0.0	0.0	0.1472	0.50303	0.29825	0.461	NA	NA	NA	NA
chrX:140049913	chrX	140049913	G	A	0.40081	31.61538	93.1336	6.27826	11.26881	0.01619	0.00405	NA	0.0	0.0	0.1472	0.49964	0.30727	0.461	NA	NA	NA	NA
chrX:140050044	chrX	140050044	G	T	0.39271	39.41296	96.73279	7.84864	6.69558	0.0	0.0	1.0	0.0	0.0	0.34989	0.51291	0.69353	0.467	NA	NA	NA	NA
chrX:140050073	chrX	140050073	A	C	0.00202	37.58704	94.52227	5.81136	8.28742	0.0	0.0	NA	0.0	0.0	1.0	0.46	1.0	0.467	NA	NA	NA	NA
chrX:140050119	chrX	140050119	A	C	0.40081	38.72065	96.45749	8.1654	7.83657	0.0	0.00405	NA	0.0	0.0	0.1472	0.50887	0.26188	0.467	NA	NA	NA	NA
chrX:140050170	chrX	140050170	G	A	0.01012	34.51417	88.583	6.5325	12.67961	0.00405	0.00405	NA	0.0	0.0	1.0	0.48148	1.0	0.467	NA	NA	NA	NA
chrX:140050202	chrX	140050202	G	C	0.3664	34.65992	93.45749	7.28107	10.44834	0.00405	0.00405	NA	0.0	0.0	0.27636	0.5037	0.77014	0.467	NA	NA	NA	NA
chrX:140050309	chrX	140050309	T	A	0.00202	37.32794	43.65992	7.93583	26.22816	0.0081	0.5668	NA	0.0	0.0	1.0	0.7931	0.99902	0.467	NA	NA	NA	NA
chrX:140050312	chrX	140050312	G	A	0.02632	36.25506	14.18219	8.46488	22.37947	0.01619	0.92713	NA	0.02985	0.0	1.0	0.81841	0.99428	0.467	NA	NA	NA	NA
chrX:140050338	chrX	140050338	G	A,*	0.03441	29.5587	27.51822	8.66891	23.84994	0.09717	0.80972	NA	0.04478	0.0	1.0	0.95761	0.98711	0.467	NA	NA	NA	NA
chrX:140050589	chrX	140050589	A	G	0.00405	29.78543	79.73279	6.15175	16.28685	0.04858	0.03239	NA	0.0	0.0	1.0	0.45283	1.0	0.467	NA	NA	NA	NA
chrX:140050627	chrX	140050627	C	T	0.01417	24.07692	64.72874	5.59455	16.4481	0.18623	0.18219	NA	0.0	0.0	1.0	0.44966	1.0	0.467	NA	NA	NA	NA
chrX:140050684	chrX	140050684	C	G	0.00207	16.77328	3.7314	4.80231	10.58409	0.74899	0.99174	NA	0.01493	0.02024	1.0	0.45455	1.0	0.467	NA	NA	NA	NA
chrX:140051005	chrX	140051005	A	C	0.20445	34.65182	92.47773	6.54194	11.44759	0.00405	0.0	1.0	0.0	0.0	0.24239	0.51048	0.95232	0.44	NA	NA	NA	NA
chrX:140051324	chrX	140051324	C	T	1.0	33.86235	89.22672	5.0386	12.64096	0.00405	0.00405	NA	0.0	0.0	1.0	NA	1.0	0.44	NA	NA	NA	NA
chrX:140051496	chrX	140051496	T	G	1.0	32.58704	86.67206	5.7197	14.74643	0.01619	0.02024	NA	0.0	0.0	1.0	NA	1.0	0.44	NA	NA	NA	NA
chrX:140051704	chrX	140051704	A	T	0.02429	36.19028	92.10931	5.66549	11.01884	0.0	0.00405	NA	0.0	0.0	1.0	0.48975	1.0	0.44	NA	NA	NA	NA
chrX:140052129	chrX	140052129	A	G	0.00202	35.31984	93.06073	5.01532	10.79109	0.00405	0.0081	NA	0.0	0.0	1.0	0.54167	1.0	0.44	NA	NA	NA	NA
chrX:140052357	chrX	140052357	C	T	0.00202	35.82996	93.33603	4.3537	10.12184	0.0	0.00405	NA	0.0	0.0	1.0	0.46667	1.0	0.44	NA	NA	NA	NA
chrX:140052639	chrX	140052639	G	A	0.00607	34.74089	5.59109	8.03383	18.89226	0.01215	0.94332	NA	0.01493	0.0	1.0	0.63934	0.99965	0.44	NA	NA	NA	NA
chrX:140052949	chrX	140052949	A	T	0.01215	36.61134	96.02834	3.70601	7.87525	0.0	0.00405	NA	0.0	0.0	0.03024	0.45652	0.99684	0.44	NA	NA	NA	NA
