chrX:140008025	chrX	140008025	T	C	1.0	38.66802	50.2915	7.24114	35.41261	0.0	0.46559	NA	0.0	0.0	1.0	NA	0.99927	0.408	3.0	3.65	1.2	251.0	0.3	0.0
chrX:140012288	chrX	140012288	C	A	0.00633	26.645570000000006	28.0211	8.36311	31.47456	0.173	0.77215	NA	0.0	0.04049	1.0	0.81538	0.99888	0.31	3.0	3.65	1.2	251.0	0.04	0.0
chrX:140013761	chrX	140013761	G	T	0.015280000000000004	27.24454	17.49782	8.03946	28.53939	0.15284	0.8253299999999999	NA	0.0022	0.07287	1.0	0.72727	0.99751	0.495	3.0	3.65	1.2	251.0	0.16	0.0
chrX:140018023	chrX	140018023	T	G	0.0081	25.4332	46.74899	7.8421	32.93319	0.25101	0.48583	NA	0.0	0.0	1.0	0.86441	1.0	0.424	3.0	3.65	1.2	251.0	0.16	0.0
chrX:140018039	chrX	140018039	A	G	0.01215	29.38866	55.62753000000001	7.68186	34.52958	0.09312	0.43725	NA	0.00441	0.0	1.0	0.86503	0.99648	0.424	3.0	3.65	1.2	251.0	0.24	0.0
chrX:140033447	chrX	140033447	A	G	1.0	35.21053	37.66397	7.728910000000001	26.96197	0.00405	0.68016	NA	0.0	0.0	1.0	NA	1.0	0.419	3.0	3.65	1.2	251.0	0.36	0.0
chrX:140039450	chrX	140039450	G	A	0.05263	33.63563	39.60324	8.743689999999999	30.713140000000006	0.01215	0.63158	NA	0.00441	0.0	1.0	0.83021	0.96211	0.399	3.0	3.65	1.2	251.0	0.3	0.0
chrX:140039455	chrX	140039455	G	A	0.04453	35.88664	52.51416999999999	8.288210000000001	29.31145	0.0081	0.49393	NA	0.00441	0.0	1.0	0.86039	0.97305	0.399	3.0	3.65	1.2	251.0	0.34	0.0
chrX:140050309	chrX	140050309	T	A	0.00202	37.32794000000001	43.65992	7.93583	26.22816	0.0081	0.5668	NA	0.0	0.0	1.0	0.7931	0.99902	0.467	3.0	3.65	1.2	251.0	0.36	0.0
chrX:140050312	chrX	140050312	G	A	0.02632	36.25506	14.18219	8.46488	22.37947	0.01619	0.92713	NA	0.00441	0.0	1.0	0.8184100000000001	0.99428	0.467	3.0	3.65	1.2	251.0	0.46	0.0
chrX:140050338	chrX	140050338	G	A,*	0.03441	29.5587	27.51822	8.66891	23.84994	0.09717	0.80972	NA	0.00661	0.0	1.0	0.95761	0.98711	0.467	3.0	3.65	1.2	251.0	0.28	0.0
