chrX:140001819	chrX	140001819	G	A	1.0	36.31984	94.5587	4.18463	10.88613	0.00405	0.0081	NA	0.0	0.0	1.0	NA	1.0	0.421	1.0	1.0
chrX:140002213	chrX	140002213	T	C	1.0	36.53036	95.51417	4.03416	7.9130699999999985	0.00405	0.00405	NA	0.0	0.0	1.0	NA	1.0	0.391	1.0	1.0
chrX:140003163	chrX	140003163	T	C	1.0	35.52227	92.65182	4.8822	10.14089	0.0	0.0	NA	0.0	0.0	1.0	NA	1.0	0.382	1.0	1.0
chrX:140004671	chrX	140004671	C	T	1.0	36.61134000000001	94.39271	7.76554	9.65395	0.0081	0.0081	NA	0.0	0.0	1.0	NA	0.0007700000000000001	0.399	1.0	1.0
chrX:140004750	chrX	140004750	C	T	1.0	31.39271	87.57085	6.6775	13.10565	0.02834	0.0081	NA	0.0	0.0	1.0	NA	0.00284	0.399	0.98	1.0
chrX:140005042	chrX	140005042	T	C	1.0	33.7166	91.68016	7.23535	10.99441	0.01619	0.0	NA	0.0	0.0	1.0	NA	0.00024	0.421	1.0	1.0
chrX:140005973	chrX	140005973	C	T	1.0	36.49393	93.90283	5.3578199999999985	11.03646	0.0081	0.00405	NA	0.0	0.0	1.0	NA	1.0	0.421	1.0	1.0
chrX:140007066	chrX	140007066	T	C	1.0	36.20243	93.79757	4.31102	10.01866	0.0	0.0081	NA	0.0	0.0	1.0	NA	1.0	0.361	1.0	1.0
chrX:140007075	chrX	140007075	C	T	1.0	36.10526	94.90688	4.14536	8.4783	0.0	0.00405	NA	0.0	0.0	1.0	NA	1.0	0.361	1.0	1.0
chrX:140008308	chrX	140008308	A	T	1.0	37.33603	94.12551	4.8661400000000015	11.1729	0.00405	0.01215	NA	0.0	0.0	1.0	NA	1.0	0.408	1.0	1.0
chrX:140008309	chrX	140008309	C	T	1.0	37.36032	93.57895	4.8560300000000005	11.76363	0.00405	0.01215	NA	0.0	0.0	1.0	NA	1.0	0.408	1.0	1.0
chrX:140009093	chrX	140009093	C	T	1.0	35.32794000000001	92.82996	5.18849	11.53835	0.01215	0.0081	NA	0.0	0.0	1.0	NA	1.0	0.373	1.0	1.0
chrX:140009269	chrX	140009269	G	C	1.0	40.44534	96.63158	8.70544	6.42324	0.00405	0.00405	NA	0.0	0.0	1.0	NA	0.0006	0.373	0.96	1.0
chrX:140009548	chrX	140009548	A	C	1.0	43.68421	97.27126	9.8446	6.04617	0.00405	0.00405	NA	0.0	0.0	1.0	NA	0.00065	0.373	0.96	1.0
chrX:140009946	chrX	140009946	G	A	1.0	39.95142	96.61943	8.00747	7.29022	0.0081	0.0081	NA	0.0	0.0	1.0	NA	0.0005099999999999999	0.373	1.0	1.0
chrX:140010011	chrX	140010011	T	C	1.0	37.42915	95.8583	5.13022	9.27538	0.00405	0.0081	NA	0.0	0.0	1.0	NA	1.0	0.36	1.0	1.0
chrX:140010498	chrX	140010498	G	T	0.00202	36.30364	93.22267	5.6418300000000015	10.20217	0.00405	0.0	NA	0.0	0.0	1.0	0.8235299999999999	1.0	0.36	1.0	1.0
chrX:140011622	chrX	140011622	T	C	1.0	33.09312	86.93522	5.66004	13.31345	0.00405	0.0	NA	0.0	0.0	1.0	NA	1.0	0.413	1.0	1.0
chrX:140013982	chrX	140013982	C	T	1.0	33.61134000000001	88.68826	5.6657199999999985	12.91829	0.00405	0.0081	NA	0.0	0.0	1.0	NA	1.0	0.495	1.0	1.0
chrX:140015099	chrX	140015099	A	G	1.0	36.04453	92.54251	5.74757	10.70318	0.0081	0.00405	NA	0.0	0.0	1.0	NA	1.0	0.37	1.0	1.0
chrX:140025357	chrX	140025357	G	A	1.0	34.105259999999994	89.57895	4.9777	11.7453	0.0	0.00405	NA	0.0	0.0	1.0	NA	1.0	0.43	1.0	1.0
chrX:140025851	chrX	140025851	G	T	1.0	36.2996	94.81781	3.9989	9.32276	0.0	0.0081	NA	0.0	0.0	1.0	NA	1.0	0.43	1.0	1.0
chrX:140025856	chrX	140025856	C	T	1.0	36.10526	94.97976	3.99861	8.35807	0.0	0.00405	NA	0.0	0.0	1.0	NA	1.0	0.43	1.0	1.0
chrX:140026396	chrX	140026396	T	C	1.0	36.25101	94.98381	4.66976	8.43915	0.00405	0.0	NA	0.0	0.0	1.0	NA	1.0	0.34700000000000003	0.98	1.0
chrX:140027617	chrX	140027617	C	T	1.0	33.8583	87.60729	6.24892	14.10341	0.01215	0.02024	NA	0.0	0.0	1.0	NA	1.0	0.391	1.0	1.0
chrX:140027636	chrX	140027636	G	T	1.0	34.55061	89.47773000000002	5.88823	12.5872	0.00405	0.0	NA	0.0	0.0	1.0	NA	1.0	0.391	1.0	1.0
chrX:140027811	chrX	140027811	A	G	1.0	36.92713	96.05263	4.00137	8.58821	0.0081	0.00405	NA	0.0	0.0	1.0	NA	1.0	0.391	1.0	1.0
chrX:140028368	chrX	140028368	T	C	0.00202	36.50202	94.16599	4.66946	10.2323	0.00405	0.00405	NA	0.0	0.0	1.0	0.84	1.0	0.332	0.98	1.0
chrX:140030837	chrX	140030837	A	T	0.00202	36.73279	95.14575	4.4275400000000005	9.42034	0.00405	0.00405	NA	0.0	0.0	1.0	0.72973	1.0	0.365	1.0	1.0
chrX:140030839	chrX	140030839	A	T	0.00202	36.7085	95.36842	4.42416	9.19912	0.00405	0.00405	NA	0.0	0.0	1.0	0.7428600000000001	1.0	0.365	1.0	1.0
chrX:140033440	chrX	140033440	T	C	1.0	34.73684	85.53846	6.82293	15.61886	0.0081	0.03644	NA	0.0	0.0	1.0	NA	1.0	0.419	1.0	1.0
chrX:140036769	chrX	140036769	G	A	1.0	34.0081	87.91498	5.65254	13.243379999999998	0.0	0.0081	NA	0.0	0.0	1.0	NA	1.0	0.411	1.0	1.0
chrX:140037721	chrX	140037721	A	G	1.0	35.47368	91.04049	5.37594	12.20616	0.00405	0.0081	NA	0.0	0.0	1.0	NA	1.0	0.445	1.0	1.0
chrX:140037746	chrX	140037746	C	A	0.04656	35.101209999999995	91.22672	5.85269	12.46773	0.01619	0.01215	NA	0.0	0.0	1.0	0.70978	1.0	0.445	1.0	1.0
chrX:140037761	chrX	140037761	G	A	0.00405	36.08097	90.1336	5.4751400000000015	15.79011	0.0	0.032389999999999995	NA	0.0	0.0	1.0	0.91489	0.99989	0.445	1.0	1.0
chrX:140039797	chrX	140039797	G	A	0.04049	36.95951	94.4413	5.43909	8.7761	0.0	0.0	NA	0.0	0.0	0.00426	0.51681	0.98529	0.399	1.0	1.0
chrX:140041133	chrX	140041133	C	T	1.0	35.84211	93.33603	4.56428	10.13428	0.0	0.0	NA	0.0	0.0	1.0	NA	1.0	0.424	1.0	1.0
chrX:140043384	chrX	140043384	T	C	0.00202	34.64777	87.78947	5.24147	14.33443	0.0	0.02834	NA	0.0	0.0	1.0	0.92308	1.0	0.48	1.0	1.0
chrX:140043385	chrX	140043385	G	A	0.00202	34.77733	87.53846	5.17371	14.50223	0.0	0.02024	NA	0.0	0.0	1.0	0.85185	1.0	0.48	1.0	1.0
chrX:140043935	chrX	140043935	G	T	1.0	35.44534	92.72065	5.37194	10.7082	0.0	0.00405	NA	0.0	0.0	1.0	NA	1.0	0.48	1.0	1.0
chrX:140047659	chrX	140047659	T	C	1.0	36.20648	94.87045	4.14889	8.48573	0.0	0.0	NA	0.0	0.0	1.0	NA	1.0	0.457	1.0	1.0
chrX:140051324	chrX	140051324	C	T	1.0	33.86235	89.22672	5.0386	12.64096	0.00405	0.00405	NA	0.0	0.0	1.0	NA	1.0	0.44	1.0	1.0
chrX:140051496	chrX	140051496	T	G	1.0	32.58704	86.67206	5.7197	14.746429999999998	0.01619	0.02024	NA	0.0	0.0	1.0	NA	1.0	0.44	1.0	1.0
