chrX:140008025	chrX	140008025	T	C	1.0	38.66802	50.2915	7.24114	35.41261	0.25911	0.33198	NA	0.0	0.0	1.0	NA	0.99927	0.408	3.0	3.65	1.2	251.0	0
chrX:140012288	chrX	140012288	C	A	0.00633	26.645570000000006	28.0211	8.36311	31.47456	0.81857	0.5865	NA	0.0	0.04049	1.0	0.81538	0.99888	0.31	3.0	3.65	1.2	251.0	0
chrX:140013761	chrX	140013761	G	T	0.015280000000000004	27.24454	17.49782	8.03946	28.53939	0.78603	0.7205199999999999	NA	0.0022	0.07287	1.0	0.72727	0.99751	0.495	3.0	3.65	1.2	251.0	0
chrX:140018023	chrX	140018023	T	G	0.0081	25.4332	46.74899	7.8421	32.93319	0.81781	0.33198	NA	0.0	0.0	1.0	0.86441	1.0	0.424	3.0	3.65	1.2	251.0	0
chrX:140018039	chrX	140018039	A	G	0.01215	29.38866	55.62753000000001	7.68186	34.52958	0.66802	0.25101	NA	0.00441	0.0	1.0	0.86503	0.99648	0.424	3.0	3.65	1.2	251.0	0
chrX:140018414	chrX	140018414	G	T	0.00433	41.41558	44.85714	8.346860000000001	32.51851	0.14286	0.35498	NA	0.0	0.06477999999999999	1.0	0.48718	1.0	0.424	3.0	3.65	1.2	251.0	0
chrX:140033447	chrX	140033447	A	G	1.0	35.21053	37.66397	7.728910000000001	26.96197	0.47773	0.4129600000000001	NA	0.0	0.0	1.0	NA	1.0	0.419	3.0	3.65	1.2	251.0	0
chrX:140039450	chrX	140039450	G	A	0.05263	33.63563	39.60324	8.743689999999999	30.713140000000006	0.53846	0.40486	NA	0.00441	0.0	1.0	0.83021	0.96211	0.399	3.0	3.65	1.2	251.0	0
chrX:140039455	chrX	140039455	G	A	0.04453	35.88664	52.51416999999999	8.288210000000001	29.31145	0.43725	0.24696	NA	0.00441	0.0	1.0	0.86039	0.97305	0.399	3.0	3.65	1.2	251.0	0
chrX:140050309	chrX	140050309	T	A	0.00202	37.32794000000001	43.65992	7.93583	26.22816	0.33603	0.31579	NA	0.0	0.0	1.0	0.7931	0.99902	0.467	3.0	3.65	1.2	251.0	0
chrX:140050312	chrX	140050312	G	A	0.02632	36.25506	14.18219	8.46488	22.37947	0.39676	0.77733	NA	0.00441	0.0	1.0	0.8184100000000001	0.99428	0.467	3.0	3.65	1.2	251.0	0
chrX:140050338	chrX	140050338	G	A,*	0.03441	29.5587	27.51822	8.66891	23.84994	0.72065	0.583	NA	0.00661	0.0	1.0	0.95761	0.98711	0.467	3.0	3.65	1.2	251.0	0
chrX:140050684	chrX	140050684	C	G	0.00207	16.8595	3.7314	4.7838	10.58409	0.99587	0.95041	NA	0.0022	0.02024	1.0	0.45455	1.0	0.467	3.0	3.65	1.2	251.0	0
